<profile version="1.0">
  <option name="myName" value="Default" />
  <inspection_tool class="PyPackageRequirementsInspection" enabled="true" level="WARNING" enabled_by_default="true">
    <option name="ignoredPackages">
      <value>
        <list size="14">
          <item index="0" class="java.lang.String" itemvalue="selenium" />
          <item index="1" class="java.lang.String" itemvalue="pytest" />
          <item index="2" class="java.lang.String" itemvalue="allure-pytest" />
          <item index="3" class="java.lang.String" itemvalue="pytest-rerunfailures" />
          <item index="4" class="java.lang.String" itemvalue="decorator" />
          <item index="5" class="java.lang.String" itemvalue="tzlocal" />
          <item index="6" class="java.lang.String" itemvalue="mailosaur" />
          <item index="7" class="java.lang.String" itemvalue="pytest-cov" />
          <item index="8" class="java.lang.String" itemvalue="faker" />
          <item index="9" class="java.lang.String" itemvalue="pytest-xdist" />
          <item index="10" class="java.lang.String" itemvalue="requests" />
          <item index="11" class="java.lang.String" itemvalue="urllib3" />
          <item index="12" class="java.lang.String" itemvalue="pytz" />
          <item index="13" class="java.lang.String" itemvalue="openpyxl" />
        </list>
      </value>
    </option>
  </inspection_tool>
</profile>