<application>
  <component name="XDebuggerSettings">
    <data-views>
      <show-values-inline>false</show-values-inline>
    </data-views>
    <general />
    <debuggers>
      <debugger id="javascript">
        <configuration>
          <custom-object-presentation />
        </configuration>
      </debugger>
      <debugger id="python">
        <configuration>
          <option name="watchReturnValues" value="true" />
        </configuration>
      </debugger>
    </debuggers>
  </component>
</application>